<?xml version="1.0" encoding="UTF-8"?>
<project-private xmlns="http://www.netbeans.org/ns/project-private/1">
    <data xmlns="http://www.netbeans.org/ns/make-project-private/1">
        <activeConfTypeElem>1</activeConfTypeElem>
        <activeConfIndexElem>0</activeConfIndexElem>
    </data>
    <editor-bookmarks xmlns="http://www.netbeans.org/ns/editor-bookmarks/2" lastBookmarkId="0"/>
    <open-files xmlns="http://www.netbeans.org/ns/projectui-open-files/2">
        <group>
            <file>file:/home/decisivedove/NetBeansProjects/17CFinalProject-AnshSrivastava/GeneralHashFunctions.cpp</file>
            <file>file:/home/decisivedove/NetBeansProjects/17CFinalProject-AnshSrivastava/Board.cpp</file>
            <file>file:/home/decisivedove/NetBeansProjects/17CFinalProject-AnshSrivastava/main.cpp</file>
            <file>file:/home/decisivedove/NetBeansProjects/17CFinalProject-AnshSrivastava/TreeList.hpp</file>
            <file>file:/home/decisivedove/NetBeansProjects/17CFinalProject-AnshSrivastava/coordinate.hpp</file>
            <file>file:/home/decisivedove/NetBeansProjects/17CFinalProject-AnshSrivastava/Graph.hpp</file>
            <file>file:/home/decisivedove/NetBeansProjects/17CFinalProject-AnshSrivastava/Board.hpp</file>
            <file>file:/home/decisivedove/NetBeansProjects/17CFinalProject-AnshSrivastava/Tree.hpp</file>
            <file>file:/home/decisivedove/NetBeansProjects/17CFinalProject-AnshSrivastava/BloomFilter.hpp</file>
            <file>file:/home/decisivedove/NetBeansProjects/17CFinalProject-AnshSrivastava/Move.hpp</file>
            <file>file:/home/decisivedove/NetBeansProjects/17CFinalProject-AnshSrivastava/GeneralHashFunctions.hpp</file>
        </group>
    </open-files>
</project-private>
